sensor_id,elevation_ft
BK-livonia-ave-georgia-ave-2tzr8o,24.343845565748442
BK-lott-ave-thatford-ave-2tzqlc,17.32291098084232
BK-vermont-st-linden-blvd-2tzqx0,14.82942802703512
BK-halsey-st-saratoga-ave-2tzmno,41.17461771850636
BK-saint-marks-ave-brooklyn-ave-2tzmc0,71.8504385524948
BK-saratoga-ave-bainbridge-st-2tzmxo,40.616915341736004
BK-dumont-ave-hendrix-st-215zzc,17.454077185827042
Q-160th-st-24th-rd-2t7t4o,53.60900119383444
BK-ocean-ave-oriental-blvd-2ub2lo,6.2664363619432795
BK-seaview-ave-paerdegat-avenue-north-2vshw0,8.39897524252048
Q-craft-ave-huxley-st-3-2wiemc,3.90419978700788
Q-160th-ave-101st-st-2vfj80,3.28084
SI-hamden-ave-boundary-ave-2x8ck0,3.5433753922594002
SI-port-ln-richmond-ter-2upluc,6.1680511488212
Q-roosevelt-ave-prince-st-2t7spo,26.378397773242558
BK-saint-marks-ave-rochester-ave-2rrwxo,68.99609248346545
Q-springfield-blvd-144th-ave-1-2whrzc,12.95934944357056
Q-broadway-61st-st-2yoddo,26.18117991916256
BK-kermit-pl-e-8th-st-2yoh6c,47.86754058031768
SI-lincoln-ave-boundary-ave-2yb5eo,7.25069954632684
BX-e-175th-st-washington-ave-2xykro,42.027586807481164
BK-avenue-l-e-24th-st-2yoifc,27.91997418084072
BK-cortelyou-rd-rugby-rd-2yohoo,33.33334954435744
Q-48th-st-47th-ave-2k9p90,86.9422474835954
Q-64th-st-laurel-hill-blvd-2yodpc,30.08534372519816
BK-sherman-st-terrace-pl-2yoguo,101.14837829908396
BX-lafontaine-ave-e-178th-st-2xyl8c,81.16805594055356
SI-midland-ave-boundary-ave-2yb56c,9.4488438227042
BK-44th-st-14th-ave-2yoi3o,56.49608757887212
SI-richmond-ave-eton-pl-2upm9c,29.2652964253346
BX-louis-niñé-bl-southern-bl-0pmu80,42.74941628596028
BK-brighton-6th-st-ocean-view-ave-2ub2dc,6.20084348254772
Q-craft-ave-huxley-st-2ol8k0,6.49616729777236
BK-w-27th-st-mermaid-ave-1zbc0d,4.72444146679892
SI-baltic-st-bay-st-2upkto,6.26645630616964
BK-blake-ave-euclid-ave-2vshw0,14.73110382441368
BK-dinsmore-pl-chestnut-st-2vshw0,36.18766432401572
SI-quintard-st-hurlbert-st-2w5qsc,10.433130868637079
SI-alex-cir-doty-ave-2x8bv0,3.7073691311030004
Q-beach-52nd-st-rockaway-beach-blvd-2vfj80,5.019701141601559
Q-hillside-ave-153rd-st-2wrm8o,55.380613993308195
Q-167th-st-gothic-dr-2wrlto,118.17593339449064
Q-norton-dr-westbourne-ave-1-2wif1c,4.06826157703476
BX-e-140th-st-rider-ave-2kkxk0,7.80850752021344
SI-barrett-ave-forest-ave-2upm10,22.90026326233596
Q-150th-st-94th-ave-2wrnb0,34.74414303438472
Q-vernon-blvd-40th-ave-2uoync,10.400315457482
BK-stillwell-ave-neptune-ave-2ub1mo,5.5118470103686
BK-benson-ave-avenue-v-2w1qko,7.6772216367472
Q-beach-59th-st-rockaway-freeway-2vfj80,5.57744810170668
Q-160th-st-110th-ave-2l96m0,31.692998379661482
BX-corlear-ave-w-234th-st-2cak60,16.2073904628622
BX-story-ave-leland-ave-2-2wv7yo,12.89378511732552
Q-w-16th-rd-cross-bay-blvd-2wikyo,4.79004647217912
BK-w-31st-st-neptune-ave-2ub23c,4.560439516012799
Q-chandler-st-nameoke-ave-2v3evo,4.00262880590564
Q-beach-90th-st-rockaway-freeway-2vfj80,4.46193853517048
BK-bath-ave-bay-46th-st-2w1qcc,6.397693692259
Q-chandler-st-battery-rd-2v3enc,5.1509228846458
SI-richmond-ter-lafayette-ave-2upl3o,32.775719132812476
SI-maple-ave-grove-ave-2uplh0,14.107642351050838
BX-lincoln-ave-e-132nd-st-2kkxa0,6.69290565380552
BK-bay-pkwy-shore-pkwy-2w1qrc,7.80845511207528
BK-linden-blvd-fountain-ave-2vshw0,10.2034761959338
BK-loring-ave-autumn-ave-2vshw0,11.9423048769044
SI-murray-hulbert-ave-bay-st-2upklc,7.61158065039472
Q-beach-140th-st-cronston-ave-1zbc0d,4.2651278267728
BK-shore-pkwy-shell-rd-2ub1wo,7.67722633162924
BK-w-12th-st-avenue-x-2w1q40,6.1680511488212
BK-ridgewood-ave-autumn-ave-2vshw0,34.153568930840684
Q-newport-ave-beach-137th-st-2-2wii00,5.54474807113272
BX-rosedale-ave-lacombe-ave-1-2wv870,14.76378
Q-beach-64th-st-de-costa-ave-2vfj80,5.51185092112988
Q-beach-59th-st-beach-channel-dr-1zbc0d,3.9042076085304402
BK-euclid-ave-sutter-ave-2vshw0,16.83078779580304
Q-beach-72nd-st-gouverneur-ave-1zbc0d,4.560423482547719
BX-soundview-ave-noble-ave-1-2wv7x0,14.69820393819028
Q-44th-ave-111th-st-2t7sfo,25.22971141430612
Q-norton-ave-beach-45th-st-2vfj80,4.62596825498636
Q-nameoke-ave-redfern-ave-2v3ebo,6.66012153202152
BX-w-231st-st-fairfield-ave-2wif80,170.50530886496236
BX-seward-ave-zerega-ave-4-2wv8do,13.18899238070916
SI-nugent-ave-quintard-st-2x8cbo,6.66019349724692
BX-e-178th-st-daly-ave-3-2xylqo,51.246711039501
BX-clinton-ave-crotona-park-north-1-2xylic,93.2415105952768
Q-108th-ave-159th-st-1jtss0,31.889803221917237
BK-evergreen-ave-eldert-st-1-2xkvhc,34.41606716758708
SI-sunnymeade-village-sand-ln-2x8c3c,6.2337242053846795
BK-marcy-ave-hopkins-st-278inc,11.1876850200794
BK-main-st-water-st-1-2xljvo,6.26642032519736
BK-knickerbocker-ave-palmetto-st-1mpi40,34.74422751273388
BX-bronx-st-e-tremont-ave-1-2xylz0,15.190297398819158
BK-central-ave-woodbine-st-3-2xkv7c,34.41606716758708
BK-lee-ave-middleton-st-19qok0,9.64568151929172
BX-e-208th-st-bainbridge-ave-2calqo,170.6037425754613
BX-college-ave-e-165th-st-214t90,39.92783556574844
BX-w-179th-st-cedar-ave-1vpt40,34.055128960499
SI-bay-st-minthorne-st-2agb10,18.668031414306117
Q-saint-james-ave-51st-ave-2yodw0,20.01322380971448
Q-laurel-hill-blvd-56th-rd-2yod20,13.12355711614804
BX-webster-ave-e-166th-st-215110,18.7664635598444
BX-van-cortlandt-extension-park-south-old-putnam-trail-2yxedo,16.60105021299212
BK-henry-st-mill-st-0pzq40,8.56310391247076
BX-city-island-rd-city-island-ave-2wif80,9.809643578344279
BK-junius-st-sutter-ave-1dnf80,37.86093727782292
BX-metropolitan-ave-linden-dr-2lnmzc,26.54206493399172
M-e-122nd-st-3rd-1yjns0,13.418683034384719
BX-roberts-ave-waters-pl-2921jc,9.744155124805081
BK-dean-st-utica-ave-215zzc,70.30847729252213
SI-waverly-pl-targee-st-2agano,63.87804015433343
BX-e-175th-st-webster-ave-2lnmh0,30.150949511418283
BK-jefferson-ave-marcus-garvey-blvd-2mfc90,54.29791826968555
Q-mowbray-dr-austin-st-21vxbc,96.03024462152416
BX-morrison-ave-harrod-pl-1vpqc0,14.99351758609176
SI-jewett-ave-castleton-ave-0xwr80,11.1876920574812
Q-hendrickson-pl-166th-st-1x5fg0,25.065648449738518
BK-19th-ave-77th-st-20cdbc,32.874030815748476
BX-home-st-intervale-av-0pmrg0,36.38454738805876
Q-188th-st-58th-ave-1zbc0d,35.66280551785016
BX-paulding-ave-duncan-st-2caow0,77.85440678924121
Q-30th-pl-47th-ave-1x5co0,14.0092070755912
Q-160th-st-107th-ave-1jtyc0,29.65888421023912
Q-russell-st-1-07zqc0,3.9370762086636
Q-woodside-ave-37th-rd-1veb80,37.56565804921388
BK-linwood-st-wortman-ave-215zzc,11.22054501456924
BK-clarendon-rd-e-56th-st-20rvvo,20.800580855907278
M-e-117th-st-1st-ave-1yji80,8.6614500146992
Q-44th-dr-jackson-ave-2k9oqo,14.50136154672072
BK-logan-st-etna-st-2bkxrc,55.41344817414892
Q-saint-james-ave-broadway-214qw0,30.118143490027283
Q-1st-st-104th-st-1a5t00,4.626072680842721
BK-flatlands-ave-e-80th-st-1umm00,12.76249610393792
BK-4th-av-garfield-pl-0erv80,18.47115773674632
BX-wilson-ave-e-214th-st-2cap4c,112.46735389423081
M-dyckman-st-payson-ave-1yht40,16.896331006561837
BK-fort-greene-pl-atlantic-ave-2rrw0c,45.01317260840048
BX-e-mosholu-parkway-south-webster-ave-2calz0,65.25600572008187
BK-ditmas-ave-westminster-rd-1lbfc0,27.13257646207444
SI-n-burgher-ave-myrtle-ave-2agbmo,126.24675924330825
BX-edgewater-rd-seneca-ave-214yhc,8.103681932546161
BK-humboldt-st-norman-ave-2k9nco,9.35040620144396
M-nagle-ave-dyckman-st-1yhf80,11.482992408138161
Q-71st-ave-75th-st-1vcro0,83.00528078609015
Q-164-pl-109th-ave-1jtn80,26.3451505805776
Q-51st-ave-jacobus-st-20q7k0,21.4239156133868
SI-haven-ave-adam-ave-1qijg0,3.7729580997372802
M-12th-ave-w-29th-st-2nvb9o,4.16674300407068
SI-catherine-ct-jewett-ave-1wu5w0,15.223161304070281
Q-31st-ave-32nd-st-2ausk0,39.206099952101724
BX-1st-st-avenue-a-1zby90,13.64831423595864
M-w-157th-ave-broadway-1vr9w0,97.86748198018452
Q-beach-channel-dr-beach-48th-st-1zdub0,4.429177881235
Q-beach-channel-dr-beach-38th-st-1zduho,4.59320408070956
BK-farragut-rd-rockaway-pkwy-1umj80,19.94752728858332
Q-231st-st-148th-ave-1edkw0,4.8557195287426005
BK-newel-st-greenpoint-ave-2k9o50,7.77563422847908
Q-penelope-ave-83rd-pl-1vcug0,79.49478298674636
BK-farragut-rd-rogers-ave-20rv00,22.37532310446176
Q-30th-ave-89th-st-1pmzc0,25.13129022021176
SI-pompey-ave-laredo-ave-2msi00,56.72581421023912
BK-avenue-p-e-9th-st-20rub0,25.98428903359696
BX-balcom-ave-dewey-ave-2n5dw0,15.944878144750518
SI-bedford-ave-kiswick-st-1j3pw0,3.379241249868
BX-brady-ave-muliner-ave-2917g0,53.57613572362264
Q-59th-ave-175th-st-21u2nc,29.39633904107652
BK-kent-ave-wallabout-st-19r2g0,9.87535261588004
BK-meserole-ave-newel-st-2if0k0,9.84254424868844
Q-161st-ave-99th-st-1a5q80,4.3635333745412
BX-white-plains-rd-story-ave-1zbxz0,15.518501546460799
BK-marion-st-howard-ave-215zzc,47.30976624160276
BK-rockaway-pkwy-clarkson-ave-1dni00,25.721825212862157
Q-woodhull-ave-193rd-st-2msf80,46.16147098832188
Q-147th-ave-springfield-ln-20pvio,5.1509424384522005
M-e-79th-st-park-ave-2ausk0,70.63655002939839
M-park-ave-tito-puente-wy-1yjco0,12.335998262206001
BX-e-240th-st-furman-ave-2n5dw0,145.09565712665668
BK-wythe-ave-wallabout-st-19qzo0,10.137895442522879
SI-kissel-ave-snug-harbor-rd-2agb9c,3.8714191888460396
BK-walton-st-marcy-ave-19qww0,10.13787979619692
BK-malcolm-x-blvd-fulton-st-2mfbf0,51.607652373229605
BK-2nd-ave-41st-st-20cdbc,15.94495480157712
Q-177th-st-147th-ave-20pvr0,7.44757087808604
M-w-125th-st-12th-ave-1yji80,11.68000219134536
SI-mclaughlin-st-agnes-pl-1aigk0,4.52761511207528
BX-cross-st-minnieford-ave-1kwos0,12.56566153727176
BX-e-165th-st-teller-ave-214ty0,26.11557100302108
BK-elm-ave-e-17th-st-2lawnc,24.672012167457122
BK-e-57th-st-snyder-ave-20rw0o,22.6378729685064
Q-maurice-ave-queens-midtown-expy-1vejk0,14.862356072708241
BX-bronxdale-ave-poplar-st-291z80,36.351750753151
Q-hillside-ave-127th-st-21vxbc,60.105106693704556
Q-holly-ave-union-st-1vcow0,45.931822575461325
SI-quincy-ave-iona-st-1deh00,1.64045617782268
BK-troy-ave-farragut-rd-20rv6o,18.20868139960692
Q-beach-84-st-0me680,3.1824586976392
Q-85th-st-91st-ave-1zbc0d,33.07113915867012
BX-e-153rd-st-river-ave-2kksk0,21.32545217847744
SI-lenevar-ave--drumgoole-rd-w-1wubg0,57.021015220341724
Q-48th-ave-108th-st-20pto0,28.67458465446332
SI-chapin-ave-dalemere-rd-1uzko0,155.15097666430617
BX-boynton-ave-lafayette-ave-1zby7c,12.4672278267728
SI-sweetbrook-rd--ridgewood-ave-1wue80,29.52768515420348
BK-ocean-pkwy-avenue-w-20rtno,9.383250552888681
BX-w-234th-st-tibbett-ave-2cakho,12.99218284357136
SI-rector-st-richmond-terr-1aijc0,6.594504794357479
BK-blake-ave-strauss-st-1dnks0,26.706070014699197
BK-e-45th-st-rutland-rd-1dnf80,29.166678111811358
SI-grimsby-st-mapleton-ave-1de5w0,1.31236408070956
Q-87th-st-astoria-blvd-1pmwk0,16.96207915499124
Q-beach-84th-st-beach-channel-dr-2nf0xc,3.08402968202228
Q-169th-st-underhill-ave-21u2nc,22.86749478687792
Q-69th-ave-195th-ln-21u2nc,55.54461594409432
Q-roosevelt-ave-63rd-st-214pvc,54.03548886496237
BX-mosholu-ave-broadway-2cal1o,42.78524165127992
SI-genesee-ave-richmond-ave-20e7zc,35.33464830262472
BK-pioneer-st-conover-st-0pzvo0,5.54465576798016
M-stanton-st-mangin-st-1vri80,5.84001908779924
Q-beach-42nd-st-beach-channel-dr-1zduec,4.72442973451508
Q-bell-blvd-northern-blvd-2kxsno,58.530267450396316
Q-41st-ave-150th-st-1vcm40,72.14568336509224
M-riverside-dr-w-81st-st-2ausk0,47.44093713818868
M-e-26th-st-lexington-ave-2mfdi0,31.85693149514356
Q-235th-st-129th-ave-20pwg0,36.318997920738084
Q-brookville-blvd-149th-ave-1zbc0d,6.33202141981628
Q-50th-ave-65th-pl-1vemc0,30.61031204252208
BK-utica-ave-rutland-rd-215zzc,30.675899055775723
Q-davenport-ct-1-07zks0,3.18244696535536
Q-63rd-st-laurel-hill-blvd-214qc0,31.364859937402517
BX-allerton-ave-e-gun-hill-rd-2918u0,13.77956335761268
Q-2nd-st-54th-ave-2k9of0,4.23236795367724
BK-morgan-ave-johnson-ave-1e4600,15.157544566406239
Q-beach-72nd-st-almeda-ave-1a5hw0,3.67457679737648
Q-51st-ave-71st-st-20qac0,25.88591633359864
Q-brookville-blvd-147-ave-1i17s0,9.678533692259
M-lexington-ave-e-104th-st-1yjfg0,11.94226889593212
Q-beach-29th-st-seagirt-ave-1w2p00,6.5617566568266
BK-wallabout-st-harrison-ave-19qrc0,10.03943044265284
BK-16th-ave-80th-st-20cdbc,19.488244544227477
Q-204th-st-100th-ave-2msf80,49.44229534527676
SI-lyon-pl-devens-st-0xwzk0,26.279572953807204
BX-story-ave-boynton-ave-1zby0o,14.796700224150559
Q-queens-boulevard-broadway-20q4s0,20.50525469488204
Q-beach-35-st-beach-channel-dr-1oeug0,4.002616679921
BK-2nd-ave-49th-st-2l8qvc,21.0302245738858
Q-71st-st-31st-ave-214p1c,22.63781039304508
BK-hancock-st-marcy-ave-2mfkg0,44.7507025311038
M-10th-ave-w-211th-st-1yhnk0,10.8596803343864
Q-utopia-pkwy-67th-ave-1lmjc0,31.20081418084072
Q-astoria-park-south-18th-st-2ausk0,22.96590346784852
SI-ridgewood-ave-arthur-kill-rd-20e7zc,4.65883685511952
BK-vanderbilt-ave-flushing-ave-214o0o,10.95808510459572
Q-183rd-st-90th-ave-1lmow0,42.913483945409915
Q-175th-st-75th-ave-21u2nc,59.97378248346544
SI-hylan-blvd-jefferson-blvd-1nhfo0,3.11690610039716
M-grand-st-thompson-st-2suz00,4.16666673766404
BK-knickerbocker-ave-hart-st-1e48s0,24.57354404094656
BK-lawrence-ave-seton-pl-2lawdc,44.061741649477
Q-10th-st-vernon-blvd-2ausk0,7.152250973622681
BK-putnam-ave-franklin-ave-2jg3bo,59.28482160183864
M-hancock-pl-morningside-ave-1yjfg0,26.804506855119524
BK-coney-island-ave-caton-ave-2lavtc,48.097132670997965
Q-169th-st-sayres-ave-1jtq00,20.01313933136532
BK-neptune-ave-w-29th-st-1xvic0,4.98700932297012
M-s-st-broad-st-1zbc0d,5.7415662106330005
BK-10th-ave-76th-st-1umos0,87.46721893084069
Q-hobart-st-31st-ave-214plc,43.405521083858524
BK-ocean-pkwy-coney-island-ave-2lavec,52.36218775170544
M-e-houston-st-baruch-dr-1zmfzc,7.71001436089368
M-barclay-st-w-st-2juumc,4.59320447112952
Q-kissena-blvd-rose-ave-1mpkw0,13.189009591995799
BK-3rd-ave-61st-st-20cdbc,69.38980229593292
BK-dewitt-ave-williams-ave-215zzc,9.38317389606208
Q-155th-ave-79th-st-215zzc,8.267848932550159
Q-brookville-blvd-rockaway-blvd-1-23ndo0,3.1497025417353597
Q-41st-ave-78th-st-1vep40,67.71657940118244
Q-beach-43rd-st-15qgw0,4.92127603674592
BK-richardson-st-n-11th-st-1x59w1,7.217900565618479
M-3rd-ave-e-25th-st-2mfd4o,32.67720407060488
Q-lewis-ave-101st-st-21u2nc,14.73096771876628
BK-nautilus-ave-surf-ave-20cdbc,8.89116491378236
Q-peck-ave-153rd-st-1lmug0,12.6969349043334
M-w-143rd-st-frederick-douglass-blvd-1yhi00,21.686366917717
BX-irwin-ave-w-232nd-st-2nie80,14.665366627428199
Q-25th-ave-43rd-st-2ausk0,64.86225836496227
Q-30th-ave-77th-st-1vcm40,22.60500124173272
Q-78th-st-atlantic-ave-2bkxj0,26.18119087060648
SI-saybrook-st-croft-pl-2n5eg0,27.95279584855768
BK-columbia-st-bay-st-0pzkk0,7.119466855119519
BK-avenue-y-e-14th-st-20ru10,7.61162836693168
Q-sunbury-road-merrick-boulevard-20px3c,21.78480688477784
BK-decatur-st-tompkins-ave-2mfii0,51.93562185879024
Q-79th-st-151-ave-1w2go0,8.72705814671992
BK-avenue-m-e-104th-st-2nick0,6.75852239146956
BX-mullan-pl-pennyfield-ave-1vpks0,5.9055798969838
M-e-79th-st-1st-ave-29txio,40.420016634647844
Q-34th-ave-100th-st-1vcjc0,68.83205298674635
Q-47th-ave-102nd-st-20pwg0,48.75331569068348
SI-olympia-blvd-mapleton-ave-1dee80,2.1981908183736
Q-church-rd-e-6th-rd-2jvgso,2.8215465010506398
BX-gillespie-ave-la-salle-ave-291wwo,24.3438408708664
Q-onderdonk-ave-flushing-ave-2mf9uc,40.87929468412164
BK-halsey-st-throop-ave-2mfhfo,45.96465362966152
BK-winthrop-st-remsen-ave-2nick0,6.66018098084232
Q-56th-ave-springfield-blvd-1zbc0d,66.01049729606288
Q-sunbury-road-177th-place-20pwtc,23.68777205722128
Q-76th-st-37th-rd-214qm0,62.56566786168136
BX-van-nest-ave-radcliff-ave-2lnmso,61.318970187272605
BK-e-46th-st-winthrop-st-2rrxg0,31.72575120879356
BK-oceanview-ave-ocean-view-ave-24qgzc,7.21789587073644
M-bennett-ave-broadway-1yhi00,35.794026476773645
Q-whitestone-expressway-linden-pl-2kxrqc,5.31506093779848
Q-145th-road-springfield-boulevard-20pw7o,12.86095640892592
BX-newman-ave-gildersleeve-ave-2o89w0,14.993525407614321
M-delancey-st-fdr-dr-2suzbo,6.95539215826808
M-e-108th-st-1st-ave-1vrco0,8.23492401351756
BK-carroll-st-4th-av-0ery00,17.29007836496228
Q-deerfield-rd-beach-28th-st-1zdul0,6.20082353504052
Q-bay-24-st-cornage-ave-1w2rs0,22.80184988976416
Q-crescent-st-hoyt-avenue-south-2ausk0,29.82287364790148
SI-fabian-st-sneden-ave-20e7zc,73.03149289475049
BX-hobart-ave-coddington-ave-291xu0,22.27692381325524
M-e-23rd-st-asser-levy-pl-2mfdvc,5.83994712257384
Q-beach-66th-st-thursby-ave-1a5vs0,4.2979365843843595
BK-church-ave-e-53rd-st-215zzc,27.26382245052628
BK-wallabout-st-throop-ave-19qu40,10.630025664963961
BX-britton-st-bronx-park-east-2caoio,104.85570597349272
Q-133rd-st-97th-ave-21vxbc,42.3229974501364
Q-177th-st-129th-ave-20pxgo,20.96466259344136
M-market-slip-s-st-2suyoc,4.06832141627552
M-11th-ave-w-42nd-st-2nvbn0,12.664062393438961
BX-white-plains-rd-wood-ave-2lnn60,21.4567216347778
BK-vermont-st-stanley-ave-215zzc,11.253309579266
Q-springfield-blvd-murdock-ave-2msf80,46.78479479435748
Q-31st-rd-14th-st-2ausk0,8.92390522979068
BK-kingston-ave-rutland-rd-1dnqc0,31.29928231063212
M-126th-st-7th-av-0mi140,24.93439933136532
M-rivington-st-suffolk-st-1zmfzc,27.624688695669796
BX-longwood-ave-southern-blvd-1vpnk0,22.63791677428208
SI-seaview-ave-hylan-blvd-1aiug0,10.269000633726119
Q-184th-st-91st-ave-1lmro0,41.76508231089204
M-e-6th-st-fdr-drive-1vrfg0,6.6603374244168805
M-indian-rd-w-215th-st-1yhqc0,11.77825129882004
BK-hoyt-st-5th-st-007sk0,11.154868047244479
BK-85th-st-24th-ave-1xv780,9.64570968202228
BX-ditmars-st-hunter-ave-1kwrk0,4.52759516456808
Q-park-lane-park-lane-south-21u2nc,116.6010941511824
BK-winthrop-st-e-94th-st-1dnt40,28.57621664934704
BX-tier-st-william-ave-1kwuc0,10.03936630223084
Q-brookville-blvd-149th-ave-3-23nfdo,2.88720332729864
Q-w-16th-rd-cross-bay-blvd-1zdu4c,6.06965811417656
M-e-108th-st-park-ave-1kwx40,11.97508195800576
M-academy-st-vermilyea-ave-2nidwc,11.71267836693168
BX-castle-hill-ave-saint-raymonds-ave-2920m0,22.309784588585
M-w-147th-st-malcolm-x-blvd-1yhks0,10.36753055485808
BK-flatlands-8th-st-e-108th-st-1umx40,8.005293592783561
BK-dwight-st-king-st-0pznc0,6.49617550971488
M-lafayette-st-white-st-1zmfzc,13.28743078609016
BK-farragut-rd-brooklyn-ave-20rvdc,28.083960488581717
BK-church-ave-e10th-st-1lbck0,44.84916753097384
BK-caton-ave-e-8th-st-2lavl0,47.24418235498964
M-varick-st-canal-st-1zmfzc,8.92384500012996
BK-dover-st-shore-blvd-20cdbc,4.69168511732552
BK-9th-st-smith-st-0mlfc0,5.741534140422
Q-39th-ave-192nd-st-2kxsh0,56.5288529244088
BK-fountain-ave-flatlands-ave-215zzc,10.72840775144552
Q-44th-dr-vernon-blvd-2if0k0,8.07088686259908
M-academy-st-sherman-ave-2nido0,12.17198848989732
Q-liberty-ave-183rd-st-2msf80,32.9396960507894
SI-dawson-court-dawson-circle-20e7zc,24.77041302362432
Q-beach-49th-st-rockaway-beach-blvd-1zdu7o,4.133898262206
BK-83rd-st-21st-ave-20rsoo,20.5051733431734
SI-olympia-slater-blvd-1j3so0,6.8570882935738
Q-205th-st-90th-ave-2msnf0,58.20221974632924
BX-watson-ave-close-ave-1zbbzc,14.763795643045121
BK-grand-ave-greene-ave-2jg3u0,57.152276855119524
BX-e-149th-st-brook-ave-1zbc0d,14.2388945993454
BK-concord-st-navy-st-1zmfzc,10.33468542257344
BX-colgate-av-westchester-av-0pmzs0,16.01052304186428
BK-mermaid-ave-w-32nd-st-24qgfc,5.44625022021176
BK-lorraine-st-henry-st-0pzsw0,6.23365654462136
M-w-118th-st-lenox-ave-2lclao,20.24280651719236
M-avenue-of-the-americas-w-18th-st-2mfe0c,32.1194641511824
M-catherine-slip-catherine-st-2suy9c,10.66276989173356
Q-1st-st-rockaway-blvd-20pwq0,7.59924045643028
SI-willow-rd-e-nina-ave-0xx2c0,35.13784345708812
SI-baden-pl-mapleton-ave-1dejs0,1.83731049514564
BX-e-174th-st-webster-ave-2lane0,30.544634291076562
BX-tinton-ave-e-163rd-st-2lan40,58.891105532809284
M-avenue-c-e-5th-st-1zmfzc,10.367510220211761
BK-ocean-ave-dorchester-rd-1lbi40,28.54334804921388
BK-riverdale-ave-thatford-ave-2nick0,21.75192577152092
BK-coney-island-ave-brighton-beach-ave-20cdbc,8.69424977952832
Q-98th-st-alstyne-ave-20pz80,25.29535631141988
BK-saint-johns-pl-brooklyn-ave-2rrwpc,85.23628427611743
BX-rose-feiss-blvd-e-139th-st-2kkyj0,6.49609533254696
Q-brookville-blvd-rockaway-blvd-2-23nei0,3.08403359278356
BX-morris-park-ave-radcliff-ave-25geeo,65.51842886496236
Q-126th-st-109th-ave-21vxbc,37.43439641443608
BX-bailey-ave-van-cortlandt-park-south-2calk0,25.82033088530568
BK-35th-st-3rd-ave-20cdbc,15.649694345934561
Q-159th-st-109th-ave-1jtvk0,31.66017358202316
BX-sheridan-bl-173rd-st-0pmx00,13.91078900813736
BX-centre-st-city-island-ave-1gmzg0,12.66410306929328
SI-boundary-ave-hull-ave-1debg0,3.5761117975064405
M-peck-slip-front-st-1zmfzc,4.3635408056438
SI-barlow-ave-abingdon-ave-20e7zc,15.48560478687792
SI-caroline-st-castleton-ave-2agc1o,31.03674965459328
Q-160th-st-72nd-ave-1lmgk0,64.53418562808601
M-12th-ave-w-24th-st-2nvb30,4.3635533220484
BK-3rd-ave-bergen-st-2jg440,23.09712599173268
BK-neptune-ave-w-35th-st-1xvfk0,5.24938397047372
BK-e-92nd-st-avenue-j-2nick0,13.54990086338684
Q-77th-st-62nd-ave-1vcgk0,94.19295720052624
BK-2nd-ave-53rd-st-1umuc0,31.003953019685518
BK-bay-49th-st-harway-ave-1xvl40,7.51320873451716
